<?xml version="1.0" encoding="utf-8"?>
<GridLayout xmlns:android="http://schemas.android.com/apk/res/android"
        android:layout_width="match_parent"
        android:layout_height="match_parent"
        android:columnCount="3"
        android:rowCount="3"
        >

        <Button android:text="1"
          android:layout_width="0dp"
            android:layout_height="0dp"
            android:layout_columnWeight="1"
            android:layout_rowWeight="1"
            />

        <Button android:text="2"
            android:layout_width="0dp"
            android:layout_height="0dp"
            android:layout_columnWeight="1"
            android:layout_rowWeight="1"/>
        <Button android:text="3"
            android:layout_width="0dp"
            android:layout_height="0dp"
            android:layout_columnWeight="1"
            android:layout_rowWeight="1"/>
        <Button android:text="4"
            android:layout_width="0dp"
            android:layout_height="0dp"
            android:layout_columnWeight="1"
            android:layout_rowWeight="1"/>
        <Button android:text="5"
            android:layout_width="0dp"
            android:layout_height="0dp"
            android:layout_columnWeight="1"
            android:layout_rowWeight="1"/>
        <Button android:text="6"
            android:layout_width="0dp"
            android:layout_height="0dp"
            android:layout_columnWeight="1"
            android:layout_rowWeight="1"/>
        <Button android:text="7"
            android:layout_width="0dp"
            android:layout_height="0dp"
            android:layout_columnWeight="1"
            android:layout_rowWeight="1"/>
        <Button android:text="8"
            android:layout_width="0dp"
            android:layout_height="0dp"
            android:layout_columnWeight="1"
            android:layout_rowWeight="1"/>
        <Button android:text="9"
            android:layout_width="0dp"
            android:layout_height="0dp"
            android:layout_columnWeight="1"
            android:layout_rowWeight="1"/>
    </GridLayout>



